lower_bound,log_estimate,upper_bound
0.994401572754892,1.0060386492273121,1.0178119096645761
