lower_bound,log_estimate,upper_bound
1.0028062035972256,1.0142471199088336,1.0258185644975704
